,week,hours_assignmt,hours_mkrsp,challenging,engagement,frustrated,actual_movement,actual_time,headAngle,eL_angle,eR_angle,sL_angle,sR_angle,eL_movement,hL_movement,hR_movement,head_movement,sL_movement,sr_movement,eL_mvt,eR_mvt,hL_mvt,hR_mvt,head_mvt,sL_mvt,sR_mvt,handL_to_elbowR,handR_to_elbowL,handL_to_shoulderR,handR_to_shoulderL,head_to_elbwL,head_to_elbwR,head_to_handL,head_to_handR,head_to_joints,head_to_shldL,head_to_shldR,isTalking,lean_FB,lean_LR,leftHandRaised,rightHandRaised
0,2,6,,3,,3,2359.823039,910,20.85279343,61.10315256,42.10809925,42.10809925,42.08233631,354.4799002,349.4895055,343.4203064,365.9657769,361.670485,356.5656541,1445.143548,1382.958236,1523.017061,1511.043922,1285.950453,1354.040711,1294.233352,21.72521398,23.78144096,20.79258267,25.39034384,16.60336795,20.50419772,21.22770487,25.50052777,106.2249733,10.44779591,11.9413791,2.534773706,10.02776789,-23.99181057,14.14954459,13.6941326
1,2,15,,4,,4,2361.867259,870,-14.51358554,61.49569466,41.4502141,41.4502141,37.86390711,403.1254063,399.6347465,398.1325018,416.2260834,408.1287903,407.7767955,905.3595014,864.2131788,1025.484356,997.4256243,824.7130695,849.6963325,810.7492913,20.88560511,19.69495197,20.78245306,18.2678808,16.98863401,16.95006842,22.09995464,20.6328704,97.63450723,9.824357443,11.13862232,2.823435843,-9.399484978,9.709888775,24.50954401,16.043655
2,2,12,,4,,5,2080.917073,400,46.03819927,57.75884416,35.12970168,35.12970168,42.88908633,423.3246556,417.6510202,402.6704957,426.8079693,428.5093793,415.1457121,1265.293976,1119.81696,1339.584715,1199.477282,1127.803408,1178.768083,1088.572854,18.60153013,26.74544889,15.19321617,29.35107515,10.94303208,20.37158542,15.55886183,26.33735897,95.39529764,9.225314003,12.95914533,7.872601833,8.675911218,-12.60731587,13.56204518,11.8136282
3,2,8,,3,,3,2152.638787,370,-1.831785329,62.19154922,43.09196501,43.09196501,40.90209802,344.4715493,342.746054,352.3769752,367.0740452,352.9897517,365.014335,240.6309976,234.0664805,262.571286,306.1699456,209.8302606,232.4077891,211.6238927,20.03999733,21.09026194,23.63731188,21.31830851,22.6741049,14.8729512,24.71476804,22.62483202,104.792233,14.36250353,5.543073311,0.87427144,-2.584602367,-16.40477429,10.76880377,14.62669997
4,2,12,,4,,3,2370.65032,670,14.74436775,61.05051913,40.63506732,40.63506732,43.20962877,338.7767979,335.9315604,345.9923733,358.5627492,346.2212697,354.3266395,558.7100088,556.6608899,639.9296755,635.3715442,503.7133287,527.2578725,519.691152,21.96890995,20.43029729,22.69475184,18.28645533,21.56227404,13.32639582,24.36564253,18.46467679,99.74364278,14.29691556,7.72773804,1.164510166,-0.422214364,13.64461481,21.65742452,24.6025878
5,2,16,,4,,4,2524.12622,350,17.33785767,58.56349507,39.57766507,39.57766507,43.06124272,381.2790208,379.3362725,379.5872459,393.5404369,386.611308,389.104298,382.3185379,297.6264748,389.64409,338.3496628,303.5859375,353.5025524,282.950018,20.86359548,19.78435945,20.20240851,19.76646318,16.60643943,14.88689105,20.7365504,19.89746796,92.51356092,12.0612624,8.324949685,6.123188406,5.44266748,-24.25474037,16.15942029,13.15217391
6,2,10,,3,,3,2688.579732,140,17.85736955,55.51352682,38.58447608,38.58447608,43.2389821,364.7968541,357.4836711,355.0362882,379.7182499,373.0586755,366.6114782,276.5532345,255.8888632,289.6937645,271.8222204,268.5357948,275.1732652,243.5902831,19.65247429,23.40711339,19.66679807,25.28798875,20.27721486,22.97116173,25.92424068,27.73421679,124.318922,13.06938365,14.34270426,1.551724138,9.790563162,-18.12862096,15.86206897,16.43678161
7,2,7,,4,,4,2282.931109,250,-20.09285143,60.07813757,40.6430159,40.6430159,40.648464,347.6961535,342.5645856,345.6786169,362.4808757,354.6790202,354.7737031,242.8444405,210.4140772,261.5230489,233.5346402,226.2388084,239.8494214,213.0537872,18.91777952,19.68865516,18.93956687,21.52728339,16.16097082,17.44821924,21.91440899,22.38629191,97.59436159,9.648540992,10.03592964,1.004664514,25.77460963,7.635964333,12.80947255,18.78363832
8,2,8,,4,,3,2788.972016,400,-16.79623824,60.1299636,40.78242824,40.78242824,37.81464199,352.240336,347.0874258,341.3742954,366.4404743,359.528716,357.0755188,597.1364536,509.5768845,625.5169971,584.644357,512.3261528,554.3719133,481.5517114,19.46026205,25.24110831,18.1986087,27.10613842,17.29361756,21.33723272,21.58205876,27.00394342,110.1695954,11.76343259,11.18931036,1.960784314,8.765553185,-9.488271687,13.21398124,9.782608696
9,2,20,,5,,5,1895.153981,820,-39.28269193,53.85966694,36.33666916,36.33666916,34.79511304,339.2483582,346.2143764,345.6101502,353.4843717,342.4527448,347.8263944,1741.298031,1649.937196,1984.426806,1865.0779,1495.641562,1562.600939,1518.193621,18.88280255,17.61938947,19.69624918,15.61457706,17.82028664,11.98171209,19.21209212,15.43589533,84.77067369,11.9798049,8.340882609,3.743768453,5.748199459,31.16797643,11.52896762,10.14229708
10,2,10,,3,,4,3287.762638,300,9.211283026,63.6367705,45.14227542,45.14227542,43.61622345,382.8184643,378.9559338,379.7751655,399.3730031,390.428124,391.4530393,170.1192408,171.374038,190.762514,200.1559678,160.8061534,157.0360153,154.1349191,19.09017655,20.9962767,18.74843676,21.57273589,18.83270031,18.67429274,23.08836701,23.86452031,106.3539128,11.80454032,10.08949214,1.434878587,16.71963242,-20.65086967,18.48785872,15.06622517
11,2,10,,3,,2,2281.253436,290,-23.87792891,60.9799484,46.42981709,46.42981709,40.75504445,308.683936,307.2785582,307.3162674,318.4315909,311.5383538,310.4373168,703.2019712,661.5339107,681.1266027,683.5589967,628.8114466,690.2855175,632.0686461,16.1904443,17.80055652,16.86917433,17.30330756,16.62995322,14.51129665,18.15400173,18.22327792,90.26663284,11.37964236,11.36846096,1.298357181,-0.362437986,-3.912172437,21.65253489,25.03532945
12,2,12,,3,,4,2756.059534,550,-28.71740104,60.75268292,41.0407073,41.0407073,41.12687962,346.221939,342.8183703,341.7726855,362.3588885,353.6451792,353.6618111,564.5871047,565.2822619,598.4556394,604.7544594,556.258931,555.4175876,539.9806205,20.96614073,16.89125811,20.88161136,18.40699968,17.91029112,18.11446676,22.39610971,23.2648999,103.1159744,10.89129107,10.53891583,2.050473186,18.63130409,-12.36094201,15.92183666,15.41359972
13,2,11,,5,,5,1996.129209,550,-16.05749768,58.52803723,42.17532915,42.17532915,39.89088009,340.2596575,341.9063664,343.182324,353.5554768,344.1755956,347.1249089,1534.594944,1370.837038,1635.336036,1507.785367,1397.087089,1439.082079,1293.304061,21.29739784,20.17418066,20.42836379,19.71518384,18.50680863,14.76244554,21.04374199,18.6875847,96.07714882,13.40409282,9.672475127,2.899004663,17.34787178,-4.741607963,17.52975569,14.39061739
14,2,20,,4,,4,2786.3,150,4.362001853,63.84393087,36.97360396,36.97360396,47.41979354,314.7126016,309.8241273,316.444452,336.1956931,323.5108245,325.7141543,213.2409076,211.0653547,231.6425846,232.3255473,192.1659299,198.8394531,203.2848333,25.20120179,22.4822702,24.55961154,20.06094566,23.79578554,18.99467207,29.09797348,22.38448316,121.3961408,15.01628024,12.10694636,3.116883117,24.82973391,-2.888056291,10.25974026,10.45454545
15,2,24,,5,,4,2760.367973,280,-12.49053404,64.90790618,41.13031438,41.13031438,45.74927262,345.2368832,340.4617332,339.559421,362.1853172,354.0649568,352.3777582,373.3122587,339.3916952,422.1431843,392.7033191,338.4534849,348.7522621,325.2159284,20.62525671,22.28784141,21.36120801,22.54004917,20.91731464,18.4565043,25.90006965,24.71364759,113.7763444,12.6382318,11.15057644,1.88,16.25711029,-2.900714591,13.08,17.73333333
16,3,7,1,3,3,4,2957.077516,140,33.18226856,57.17003755,44.72511695,44.72511695,39.63540837,350.9976902,342.7472223,331.0263117,352.6930141,354.1067984,342.1683947,235.0886922,210.8257022,238.9830055,234.5565924,216.4564657,226.9073264,204.1299056,14.92313365,25.30916584,12.06521938,26.69958739,10.13395777,18.69929758,14.62547588,24.17153914,85.98291171,6.41662839,11.93601295,2.124430956,-11.80382113,-34.66771972,10.2933738,26.60596864
17,3,6,4,3,4,2,7325.408333,20,-146.8673354,90.34419892,62.67092838,62.67092838,41.93060384,360.5770481,353.1128248,378.5708382,381.4702342,367.9916246,373.9396071,1.830626139,1.611637989,2.157939699,1.316055154,1.449920969,1.699448364,1.574879067,23.39880744,21.44805686,25.60894557,16.93942402,20.89318607,10.92598165,30.27177204,13.92843209,97.36492301,13.4786096,7.866941562,0,-7.744553333,-48.25634917,25,58.33333333
18,3,6,1,3,,2,1829.044725,170,37.14161192,62.50158486,46.68737193,46.68737193,48.00119952,321.4418638,319.8983922,301.4142172,323.5591798,323.8890654,310.0358976,469.1916272,271.0377249,514.1733267,367.3141043,260.6755435,355.4816516,191.5488825,25.0674198,25.54821539,22.95164991,26.05052607,15.63942195,20.14062321,20.67907475,25.3905975,104.9969263,8.424356244,14.72285265,2.675840979,10.31668086,-20.46600906,9.441896024,20.01783894
19,3,10,4,2,,2,1527.021638,540,-66.81156293,54.45641158,34.34386027,34.34386027,44.41891178,304.9201251,304.6347181,320.6603056,329.6427383,313.568785,320.5031416,1355.025319,1137.50919,1526.882852,1176.125257,1248.441746,1263.523661,1143.925532,24.41298276,22.94422638,23.92695703,18.05177901,25.2886043,13.71373853,29.53324484,19.49398438,115.7372446,17.40182009,10.30585249,0.963733198,15.24237365,15.78322021,10.85045228,8.191732184
20,3,8,2,3,,4,2219.323891,130,8.697371062,58.71596983,40.23866823,40.23866823,34.04627293,350.9478577,354.6037733,345.9076967,361.1650164,358.5090676,353.1809897,221.9717855,201.3502485,249.4239015,254.213939,186.7328519,211.3776346,187.8465091,19.31353575,24.02463292,16.40987541,22.29918177,13.24665077,18.51610886,19.70542556,27.01338864,98.14992973,9.688395576,9.979960315,2.239789196,33.83201211,-1.751765796,8.849363197,4.787000439
21,3,4,1,3,,1,3221.956997,220,10.57687089,59.6597033,43.01139437,43.01139437,43.35332897,323.7996451,320.562563,314.850234,337.0687062,331.0991233,325.0516044,248.2879387,229.6512768,254.7543028,259.4065555,290.2006787,230.4384897,219.2866319,18.80679639,19.135907,16.82016243,22.00353546,16.61202933,21.31909081,21.21763306,25.09686319,111.0841015,12.46685793,14.37162715,5.46802595,22.93281223,-19.01846158,16.26506024,14.95211616
22,3,10,3,4,,3,4459.325532,50,-40.54765891,54.52391109,34.07233236,34.07233236,33.18566219,318.3937108,315.7629253,307.0255695,337.2785125,327.7045042,322.4993696,7.690455796,8.475110474,9.085441192,8.387011621,7.330100642,7.360351006,7.506273992,14.45056245,15.81525855,13.25259395,22.23724099,19.85637261,26.3547463,22.10926428,30.26021313,124.2748908,10.90822679,14.78606768,2.127659574,-1.393514245,4.013478982,9.574468085,18.08510638
23,3,12,6,5,,5,2320.583115,400,16.53714916,67.42575793,44.92498966,44.92498966,44.07759108,321.079068,319.1349276,329.0058461,341.8393895,329.4970447,333.6254819,586.6122413,576.6613291,592.2794303,597.6741058,547.6176142,565.8772909,546.1760974,20.66074917,20.20703249,19.25684257,16.31214455,21.65093388,15.95462958,24.0132151,17.20127489,102.6832961,13.63134236,10.23190031,2.54968129,32.54772216,10.79770021,30.44619423,29.6087989
24,3,16,2,5,,4,3125.872381,30,9.512513674,75.64376964,48.64229692,48.64229692,50.56799457,365.5974009,363.5004104,346.1267889,377.7801514,370.3846328,364.5136995,5.877009996,5.260212564,6.549651756,6.113264488,5.389491526,5.989065274,5.198913696,25.98060056,25.07573078,23.4355969,25.10409508,13.49161085,25.27248557,16.74071622,32.04048038,111.4586246,8.828665936,15.08466563,25.71428571,26.80699755,-0.569317726,2.857142857,11.42857143
25,3,5,1,2,,3,4361.654762,10,-93.1477524,62.07747043,35.39357538,35.39357538,38.09346702,269.9447189,264.9610582,265.8186727,301.7040096,283.8514044,282.5344766,1.543939476,1.404215325,1.69447892,1.009530301,1.852793423,1.63276457,1.951984274,10.8177438,10.43357879,19.5844642,21.34447608,31.75929073,30.713733,37.8728954,36.61275816,173.9808155,17.85260522,19.16953297,14.28571429,8.893921388,26.8217009,0,7.142857143
26,3,,,,,,,,,,,,,,,,,,,,,,,,,,,,,,,,,,,,,,,,,
27,3,,,,,,,,,,,,,,,,,,,,,,,,,,,,,,,,,,,,,,,,,
28,3,,,,,,,,,,,,,,,,,,,,,,,,,,,,,,,,,,,,,,,,,
29,3,,,,,,,,,,,,,,,,,,,,,,,,,,,,,,,,,,,,,,,,,
30,3,,,,,,,,,,,,,,,,,,,,,,,,,,,,,,,,,,,,,,,,,
31,3,,,,,,,,,,,,,,,,,,,,,,,,,,,,,,,,,,,,,,,,,
32,4,8,4,4,5,1,2839.083905,540,-30.53905483,60.79638692,45.2555478,45.2555478,42.92429649,331.7244242,332.8591555,336.9518388,343.1959124,338.4277577,342.4586865,626.111576,516.3612664,677.3889121,578.6031129,501.1282343,603.8136009,509.9236186,24.24312083,21.31518522,22.34468128,18.86840488,18.3806111,14.39889907,24.07034653,19.34951432,100.1951435,14.13912124,9.856651228,2.445811365,27.47755224,6.716490033,15.7098223,18.23862527
33,4,8,6,3,5,3,2196.395198,320,-22.13282197,62.47130049,37.17036059,37.17036059,40.75568551,396.6936883,392.7996235,390.5031216,406.0775724,402.8754265,402.0066598,441.1407337,398.336276,475.0919448,438.4353227,371.9282131,420.4442754,361.9608503,16.78034931,19.80306991,16.79250034,21.46195345,12.25903225,15.87048372,17.12232615,19.72293347,82.48421084,8.8815681,8.62786716,4.304954305,8.603939483,5.81338575,19.40035273,21.20410454
34,4,6,4,3,5,3,2968.534469,150,29.34924926,55.97240119,29.94898252,29.94898252,38.53575213,385.7493791,377.1768923,367.9094293,392.3702154,392.6877938,380.1152227,104.119656,97.12438711,103.6627796,110.0989037,90.40042539,95.6043358,89.1796477,18.50215295,27.03622317,19.22818335,30.08889348,12.85924412,20.06438881,20.24095144,26.59637651,103.4110972,10.3497207,13.30041566,4.008016032,4.22294505,-33.61414759,4.909819639,11.22244489
35,4,15,5,5,3,5,2080.669471,290,6.018597645,57.19558097,35.21250949,35.21250949,38.08350687,359.1575098,353.6284759,351.3638365,365.7751488,364.0447624,356.2557277,333.5542439,305.6817034,385.2857549,352.5129324,295.9938751,309.8295255,279.8139062,22.71720685,25.07985032,19.08268613,24.2136421,15.4602237,18.78936955,18.09920237,19.51622274,95.22756332,11.18491674,12.17762821,3.092042186,-1.37917479,-11.38472776,9.699584532,14.18184724
36,4,5,2,4,5,3,3196.678405,220,-36.90447899,57.48634466,43.40985027,43.40985027,43.23286378,312.8362178,311.6107541,314.1317625,329.6506776,320.1407163,321.7667927,188.1257681,188.5491645,208.4221631,206.3449492,166.0212616,169.4106771,169.5236369,15.30256513,16.24792005,16.8059733,16.48854411,18.29959793,14.98407907,20.13224103,18.43938845,92.61552473,11.64029268,9.119925565,3.605769231,0.550461331,-5.883554002,11.59855769,12.15945513
37,4,4,1.5,2,4,2,1715.066471,160,-8.266364617,59.67244798,39.2420436,39.2420436,39.33732777,370.4816213,386.0646747,357.8636271,379.4103799,371.4470369,368.4793605,193.5156227,190.3273261,213.6901015,226.0384407,170.4549094,177.989909,177.9665254,33.23403772,18.33699843,37.26065429,20.69739957,11.96494641,15.45907075,35.28902256,23.9600344,109.9543892,11.48387683,11.79743829,2.726510067,-15.33644518,-9.245421604,30.2852349,10.78020134
38,4,3,1,3,4,3,2877.973969,250,-23.07844192,64.80740053,42.9781723,42.9781723,49.90382808,319.2677237,312.1711092,314.9741936,334.2460777,326.9350332,325.5552356,653.4115504,570.2136715,681.7020694,606.9860311,579.7114814,610.7411496,547.5532917,22.90986046,25.74101785,22.88218912,24.68780768,19.24467704,17.60311704,24.5878359,23.62198289,109.4209951,12.85101457,11.51236767,3.418391911,17.1122657,-5.61704823,13.17605521,15.25437329
39,4,4,2.5,3,,4,1786.187105,320,0.586455299,62.38203457,38.96016703,38.96016703,39.28406143,335.5743129,335.9086592,339.9071385,354.113639,343.4174863,346.7629402,368.2615308,335.5368859,439.5476727,406.8824485,301.0906813,325.6185485,305.8243684,21.55768916,18.26147473,24.65402928,18.56125566,22.0556874,13.78253692,24.98296998,19.48201865,104.8747755,14.83057647,9.74098609,4.177958446,2.658621844,13.17473174,12.17253839,11.17886179
40,4,2,1,1,,1,1697.419157,170,-65.96695367,63.23500604,47.02881628,47.02881628,47.86467074,408.3944509,408.7261094,410.7371861,422.1836415,412.7877928,420.1733914,174.6566534,156.7380766,184.4380441,180.0583854,158.7175109,165.233934,152.571741,16.64409644,17.267751,16.66672986,15.80063648,16.08225719,13.06429705,17.86324732,17.16733933,82.11076239,10.72862948,7.204992019,2.795600367,44.58761362,18.14943887,29.26978307,20.25664528
41,4,10,5,3,,2,2371.72479,370,-11.75265111,55.66339288,41.51166507,41.51166507,40.53030345,347.5535808,345.5350142,345.2879886,358.6640919,353.0353151,351.6173223,1005.906727,773.2155489,918.2280384,860.9977515,787.0663065,994.5720067,742.4558417,17.93019734,22.7829202,18.6731334,24.76032534,17.603492,15.69785583,20.51208171,20.10771804,99.22818394,14.98850195,10.3185344,9.873188406,6.409020752,-3.628735243,13.54405034,12.91475973
42,4,22,4.5,5,,3,2731.013715,440,14.77751517,55.59161427,37.14998412,37.14998412,43.13356842,374.9650131,367.3705615,361.5795606,385.0062754,382.609213,372.8077454,2234.706688,1765.458503,2317.734365,1829.156989,1847.712854,2119.190943,1716.083573,21.81326873,25.26177122,20.70144281,27.65766055,15.18331935,21.63707078,22.92157883,25.99317317,110.7482044,11.12585922,13.88720305,3.152013494,24.8747189,-13.49398648,10.53482325,11.9544592
43,4,8,3,3,,2,2518.522272,150,-19.26417537,59.42839742,36.8708483,36.8708483,34.53460242,348.5683466,342.11848,345.1429282,362.8618449,356.9434689,356.3322077,371.1918094,402.9913726,393.2940061,441.2724258,333.2505574,355.6411096,365.3708429,17.76517872,18.97011823,20.08281146,21.60447397,16.33593581,17.70253881,24.00868565,22.08199192,100.3019078,10.26796523,9.904790415,2.382596685,14.82069969,-14.06486278,8.494475138,7.2053407
44,4,,,,,,,,,,,,,,,,,,,,,,,,,,,,,,,,,,,,,,,,,
45,4,,,,,,,,,,,,,,,,,,,,,,,,,,,,,,,,,,,,,,,,,
46,4,,,,,,,,,,,,,,,,,,,,,,,,,,,,,,,,,,,,,,,,,
47,4,,,,,,,,,,,,,,,,,,,,,,,,,,,,,,,,,,,,,,,,,
48,5,4,0,3,4,1,2590.214755,140,-24.4136805,69.26845101,45.09895905,45.09895905,39.74931315,382.4480813,380.5538271,392.2336874,398.657255,392.3209279,395.2250269,128.284855,124.2654465,133.798666,140.0270245,120.6867643,122.2548448,121.1612549,19.2478257,25.43944851,18.48034202,20.80844174,18.08056877,15.05439365,19.33789484,22.37722919,93.81442487,10.57640253,8.387935886,4.493628437,3.93050875,7.622727252,10.6639839,9.121395037
49,5,4,0,2,5,2,6582.837778,30,61.7599117,57.57275174,39.00353303,39.00353303,40.00529215,310.6193188,309.5126124,313.3485907,332.5719556,318.9440807,329.3380738,5.984424662,6.78879231,6.26159799,8.035786908,5.903717254,6.08136203,6.228905654,18.42084981,19.04784211,21.56016098,16.18606294,21.96121234,13.57873242,23.64539069,21.84664463,100.3388278,13.62787499,5.678972758,2.222222222,17.70591689,1.992789905,6.666666667,13.33333333
50,5,7,0,3,5,1,1070.805492,20,13.40342254,53.64690702,30.11601216,30.11601216,44.23874745,401.0827876,396.3102323,375.8408919,401.0305179,406.1676742,388.7154012,34.77803611,33.49692315,48.49411101,46.66448158,28.60985791,29.11285169,27.77378557,20.13805702,26.05014736,17.09864256,30.70557853,8.746189996,19.70596927,16.8927333,25.66071552,90.84847349,7.459385463,12.38347994,2.059496568,-11.44928311,-48.65313024,13.72997712,5.415713196
51,5,6,0,3,,2,972.6426146,220,97.86466268,68.62112464,66.5530553,66.5530553,63.23294102,371.2598041,378.7574901,382.3932188,379.0358363,376.2859887,368.9121776,81.99616953,63.45062495,83.30600088,92.61829577,62.69654258,72.90350407,50.03606323,7.38714059,22.96005614,17.17491214,18.473334,13.27368435,7.578686563,8.952806409,16.15554301,64.03753767,6.124633827,11.95218351,1.655348048,15.16181202,6.232019117,17.95415959,80.475382
52,5,4,0,3,,2,787.7126076,150,-45.64062221,57.0813257,42.07469364,42.07469364,56.82906494,319.0536427,320.9294756,320.5594434,348.4113277,332.3481731,345.3201988,63.16326416,59.25400931,85.65204587,79.4035985,54.16831012,57.53042743,45.7483623,17.51929081,12.0075402,27.63587905,14.88436683,30.68450701,21.50857272,29.3125769,28.54545698,133.5968012,17.59357696,5.952110659,1.10701107,1.389669451,-9.932643541,24.1697417,24.200492
53,5,6,0,3,,3,2178.446028,150,-24.66674429,55.90314202,41.39210455,41.39210455,40.98040496,276.1715003,281.9036818,280.1094894,295.857479,281.1734673,289.1424148,45.38555431,47.40159095,52.20271135,52.29450651,35.64977824,40.91619103,39.65929517,13.25337403,15.91956872,13.40999149,17.41896196,20.33584457,15.17680862,16.6825951,18.38480178,95.2652462,15.35424577,9.330950364,4.663212435,-4.778515471,16.46153268,26.03626943,27.20207254
54,5,10,0,4,,4,1235.722143,220,-26.21308765,63.83731122,37.862932,37.862932,38.22229533,378.8777241,373.6073074,362.7029278,382.887919,381.3783188,373.3635473,48.44912311,42.14766871,60.05723417,53.71303021,35.8187246,42.59023857,35.63646176,17.70073485,22.2005732,15.16123372,21.76104292,11.43520249,17.51082448,13.90842152,20.73024774,82.30337053,8.325853426,10.39282087,3.571428571,-11.78317312,-30.94024217,5.5,5.428571429
55,5,12,4,4,,5,1982.568288,270,-46.52570069,49.71995974,38.15922547,38.15922547,42.15448411,298.9914451,303.2689463,303.0804178,320.8347033,307.7345424,312.0639725,414.2328533,402.4195971,414.4535254,412.991021,373.6962241,402.9125068,375.7826506,14.35392407,15.63709176,15.89818562,15.7002671,22.56611104,15.65469433,20.79042978,19.89196644,103.2097601,14.36805839,9.93850017,3.648190045,-2.86171927,21.21813451,6.787330317,6.81561086
56,5,7,0,3,,2,1580.234031,120,60.02745503,53.30815511,36.14936687,36.14936687,36.18619519,385.0890509,384.5170514,375.3662025,386.7683453,392.7817198,377.1770857,73.42780154,67.73853188,92.19196647,87.8837681,57.88823407,58.77034768,62.29892947,19.93693467,26.14174212,21.12500382,27.04454142,11.86849253,14.44842647,20.007056,24.4051255,94.38224691,11.09817888,12.55496753,3.486750349,25.80593182,-15.15136485,15.41143654,10.76243608
57,5,12,4,5,,3,2264.137718,220,28.43745898,56.97395609,39.91675761,39.91675761,34.46393272,358.6087976,358.64066,349.8214506,359.0681124,360.2061741,352.2076544,982.0144658,875.9090897,994.5841423,916.617505,834.0485081,958.2936263,863.0086979,19.08742073,15.7256621,24.16349051,22.37385541,17.85228426,18.02333936,27.0558481,24.80971794,109.2474143,10.98443773,10.5217869,4.435178165,5.846544689,-5.382107438,6.077836745,27.23654284
58,5,8,1,3,,4,1052.97516,210,-87.50509462,46.05376646,46.69189767,46.69189767,50.71225927,300.4239221,309.6418014,308.3681393,316.9978242,304.1897256,314.5877935,87.01331605,51.52535029,102.6971496,70.97646211,42.74528249,56.68376616,39.53905166,12.45858436,13.44205939,13.68023369,11.75739758,21.61671495,15.48983892,16.16764716,15.13964272,101.314087,19.49059887,13.40964436,0.273473108,-27.7637734,44.30831807,14.52446065,2.552415679
59,5,16,2,5,,3,3281.047608,130,-12.78648856,67.21034192,41.88212616,41.88212616,43.35077252,336.4726385,330.9564389,328.0440161,351.9686868,344.9349119,341.744937,147.7013445,147.4319588,165.73735,172.268008,143.2147234,141.4159233,139.6065158,17.96841556,21.15178951,19.36053362,23.21910113,17.54066552,20.61814021,25.00304629,26.15126748,111.4873318,10.90112547,11.27308687,4.484304933,22.48525013,-4.851616599,6.801195815,14.8978575
60,5,8,1,3,,3,1982.426499,230,21.35901534,58.99621605,33.26038384,33.26038384,38.64335405,370.7914557,367.3691151,353.9470282,377.0686872,376.0072314,361.3611163,113.4188899,99.85346172,124.8916164,125.2504782,93.25105243,102.4503961,93.2377983,23.39892614,22.18298443,17.26920892,24.84586543,9.119538261,24.97877863,14.19121299,24.26309711,94.49723831,5.755276399,16.18933492,2.04359673,-2.189573848,-11.15604551,8.072207084,10.2520436
61,5,,,,,,,,,,,,,,,,,,,,,,,,,,,,,,,,,,,,,,,,,
62,5,,,,,,,,,,,,,,,,,,,,,,,,,,,,,,,,,,,,,,,,,
63,5,,,,,,,,,,,,,,,,,,,,,,,,,,,,,,,,,,,,,,,,,
64,6,10,7,3,4,4,1827.543712,1010,-6.316944625,59.2063434,42.40895331,42.40895331,38.49931833,380.6506642,376.868926,372.5024023,388.3360876,383.4221826,380.4165673,2957.889997,2655.752652,3150.067561,2938.178552,2590.092408,2820.656904,2560.430829,19.92548461,22.87258032,19.75886235,24.49157657,14.63874821,16.23698012,20.44997178,21.8216763,95.56668184,12.33396884,10.08533659,1.451222464,17.18771004,-18.99266589,16.35197289,18.8731542
65,6,13,6,4,4,4,1855.958182,530,31.42942512,57.64895851,43.82410089,43.82410089,46.58385383,374.7530429,371.5863024,367.6274097,380.8460588,380.651064,370.3725363,876.7646903,873.1392948,920.0342491,951.6213495,792.2542989,798.378797,791.9035726,17.23834448,21.99466846,20.41854795,22.59742118,15.57100287,15.24440093,18.09836294,20.35823956,93.1208316,11.11540668,12.73341862,0.886968388,18.57637828,-27.02096923,10.08073687,27.49033432
66,6,16,8,4,4,3,3309.924215,400,-13.77793912,58.49018121,39.6720947,39.6720947,44.39671575,323.3869763,320.3240367,320.1431134,343.7718893,331.5333236,332.5882451,426.1785589,411.53422,457.1681687,458.3100517,390.4230469,402.7282674,390.9893464,19.55999717,22.53864902,19.24639741,22.92677361,21.30774009,20.63533183,24.95043758,26.40393139,120.011885,14.00591444,12.7085297,3.908045977,24.34247434,-3.044915261,12.06896552,11.99233716
67,6,8,2,4,5,5,2477.140754,370,0.7503754,61.97042026,40.58588929,40.58588929,41.98025427,408.1663723,404.0252447,402.862736,421.4750758,414.038573,410.2891969,417.076409,340.2614879,445.3646633,411.5874994,342.8519686,383.8318401,323.0548633,20.30511791,16.79466863,19.67600636,17.32310273,16.28265713,20.11817789,21.37670271,20.64926152,100.5650186,9.698899313,12.43932004,4.343065693,0.413147835,3.60770633,21.45985401,21.45985401
68,6,20,5,3,5,3,1675.803893,780,-22.25187026,57.73253802,36.36168522,36.36168522,38.24082832,344.9433861,347.8564598,341.6860269,356.0577261,348.5692225,346.3115048,1238.25167,1034.237764,1285.854709,1154.690966,1035.773593,1111.122643,989.3943931,16.37885379,17.12779943,15.23273018,16.66518291,15.18426142,15.00024072,14.7237482,16.72064951,83.47565862,11.52104526,10.32571351,1.314095281,0.261177014,25.13691098,10.84601984,7.248352647
69,6,12,10,3,5,2,2655.88906,660,28.43706395,64.96911017,47.04662582,47.04662582,40.15665638,404.9261284,400.030636,393.8150332,410.9863336,408.1424578,403.2803259,840.7921344,731.6576309,875.6981835,888.3991059,722.6414916,790.6819381,704.0469047,20.07321998,21.12120234,18.71535507,21.07995079,13.67755367,17.45589549,18.08439307,23.21449232,91.36316001,8.401804802,10.52902066,3.401253918,16.14884826,-4.411333879,16.39498433,8.808777429
70,6,25,12,5,4,4,1729.211561,1120,-20.84609128,58.91040799,43.14878059,43.14878059,38.07899658,339.2948115,333.4861908,330.2345584,349.0782521,344.3166075,342.5359838,1395.878162,1288.32607,1489.077737,1491.884524,1270.412435,1303.059718,1215.532058,20.02868024,19.92481097,20.777079,20.57222701,16.13896292,16.00867926,21.57335979,22.21226854,96.66858795,11.02970293,9.705614507,2.142035653,20.39382943,-17.07049315,12.3897834,8.949108683
71,6,12,10,3,5,3,1912.281245,800,-26.03646616,56.18840413,38.16180778,38.16180778,42.51455125,339.6749317,339.6856818,341.9271203,353.0933065,345.7524319,345.69722,945.0847506,853.9231754,991.9501708,948.1906992,796.624411,875.5847192,786.3966523,15.70884501,17.18095813,15.62415501,16.21948086,15.82777046,13.80127493,18.10284098,15.9756526,82.68941221,10.24236062,8.739512612,2.546296296,8.0687161,-4.541068136,11.34079816,9.011627907
72,6,27,14,4,5,4,3633.478858,1160,-13.37208379,63.00414958,42.56691949,42.56691949,43.66375123,337.1946405,334.8160698,330.5480036,351.3714489,342.6904668,342.4380352,1527.725697,1355.93146,1610.862821,1472.836286,1361.511381,1433.453855,1300.492803,18.39745985,23.81950514,17.87250258,25.32566975,17.24621386,19.41641146,19.73296558,24.56751105,103.3981429,11.54506401,10.88997698,2.724143092,1.641104046,3.365691923,17.2766053,11.23709026
73,6,14,3,4,5,4,3076.611273,300,5.837237231,59.8300774,36.84127797,36.84127797,40.73589373,351.6299002,345.2767512,342.3867725,364.6947185,359.1393859,354.5541451,316.3585471,268.0172524,326.8987088,317.0645905,249.2293425,285.9296486,239.908624,17.66598744,20.79717935,18.25531452,22.73756861,17.49913905,18.17578801,21.82872272,24.76666302,105.6441135,11.4851252,11.88867552,1.418181818,2.932454201,-19.12273078,11.73333333,16.16969697
74,6,12,7,4,4,1,2977.51551,700,17.20562748,47.22221633,33.07835357,33.07835357,38.06405185,363.6905403,354.6628262,351.6566436,373.8375287,371.4738428,361.3579797,1685.268713,1409.172131,1643.279724,1525.413681,1424.327742,1591.605585,1362.565009,15.53020752,21.94529127,15.75597108,25.5424012,14.21071767,20.84842145,21.63733759,24.69169523,105.3731865,10.42496872,13.56004583,3.194303154,7.365210408,-16.90019564,10.88504578,11.79382842
75,6,11,7,4,5,2,2307.786708,300,9.841037353,73.2848163,31.49005214,31.49005214,40.29429163,378.1940233,373.9742209,368.4412017,386.8497654,382.1909077,376.9387003,323.5239885,309.7137461,356.6591665,367.4920907,305.5047095,307.4925684,305.6138041,19.45201801,23.067679,19.95560086,21.94896309,15.7572928,16.49314552,17.25405897,21.2834275,94.18094058,10.3549151,13.03810069,1.198721364,2.208183709,-23.61169912,10.69081868,11.7652282
76,6,25,15,4,5,3,2155.415238,720,-24.49185282,63.61706834,39.7183248,39.7183248,45.26258875,343.3385173,344.0510816,344.7239842,356.1503911,348.751766,351.7641184,934.9610651,810.3692468,975.7741711,885.8545542,765.0981871,866.695947,772.8866816,19.26378975,20.42906508,19.4252294,18.91852682,19.43979014,12.99350612,20.92899751,17.69561664,92.28228166,13.3675411,7.856830153,1.41513619,9.352928784,9.19059613,20.27326768,17.04374057
77,6,25,15,4,5,4,1457.978129,1540,-37.50576723,66.81247294,39.1980682,39.1980682,30.47089423,377.096787,379.747005,373.5103292,373.0659921,373.4080739,368.2484427,2977.780576,2701.329047,3036.853774,3041.838899,2753.981597,2851.014628,2686.419313,20.72146373,19.83794231,25.35143932,27.15101227,17.0191817,16.29070903,25.41846074,27.09530879,100.0772414,7.297721587,6.955859586,1.516575797,45.16728724,-16.01734241,11.4014748,39.84562679
78,6,28,10,5,5,4,2493.230032,1230,-14.5301315,59.82713571,41.8597645,41.8597645,43.01918332,349.8752443,347.8429682,343.8358504,362.6066837,356.2554269,354.1884923,3946.425892,3718.686941,4188.499531,4046.040873,3554.810942,3742.175458,3574.982948,19.21260268,21.21272025,18.79412335,22.28126513,16.66875746,16.92732506,20.86399077,22.2809116,98.92009079,11.56117218,10.61793373,2.063143171,17.62252655,-2.717587416,13.10237453,12.09245013
79,6,,,,,,,,,,,,,,,,,,,,,,,,,,,,,,,,,,,,,,,,,
80,7,4,,1,4,1,1264.167024,220,5.108724235,60.74379909,44.26571778,44.26571778,39.74365227,672.5188124,672.4606446,692.7890626,690.5604286,680.5235471,697.2372923,967.9731273,819.5317433,945.5516836,833.1633451,945.6214243,956.7382824,902.1554557,29.10070778,26.43755165,30.86978171,21.74741647,25.37503353,15.2155535,27.24005514,18.68970416,109.6919493,14.53721593,8.634387045,6.847609562,27.55425678,-19.36162902,15.562749,8.11752988
81,7,4,,3,4,2,1884.470833,130,5.98696841,51.88656834,34.66488412,34.66488412,29.24032731,773.3673164,772.0242263,778.4655112,779.9143463,775.6920827,788.6488598,38.0186506,45.89152952,46.80941634,53.34824937,44.01839245,35.64101751,40.56979573,26.21966914,15.7234543,33.60781761,17.46597393,28.13699304,14.84307346,34.65359388,22.29154782,123.924215,14.64282957,9.356177188,5.965909091,5.374922309,-26.68768299,6.25,6.818181818
82,7,3,,2,4,1,2498.924048,790,-3.801315638,55.88962793,40.26245237,40.26245237,42.33253713,679.0985352,678.2402247,683.8059092,668.6016154,674.3268261,681.0034231,4012.86613,4264.880671,3995.649324,4135.836478,4767.275091,4318.976639,4504.894946,21.10303052,16.50872612,27.15553925,20.70641029,27.87501149,23.73484912,33.50513097,31.39992414,146.0080536,15.53171826,13.96141959,5.91610027,19.4767061,-13.40927434,10.04165753,9.080610977
83,7,5,,2,4,1,2921.281103,130,-32.98160321,56.70398866,41.96666256,41.96666256,35.24620212,766.9492782,766.5317032,769.7124805,770.6447179,769.5163356,778.8069344,385.063508,413.3543333,390.5320563,394.0785624,445.7119076,404.7077642,422.5179673,22.65411536,14.83383251,28.13306481,17.36056837,21.01446347,16.41765266,28.35557935,24.86884953,115.1101134,13.0370665,11.41650193,2.288732394,32.06444371,-36.98507805,8.978873239,2.552816901
84,7,6,,3,3,3,4089.614831,240,8.995455419,57.16774171,35.71720547,35.71720547,38.26020413,696.6438285,702.6409536,705.0266408,682.5101294,689.1169186,694.1157157,1248.273601,1340.55985,1220.633564,1292.462852,1441.911551,1325.187012,1406.048795,21.07118524,14.6914752,29.38463107,20.18467221,29.01388682,21.54096723,37.15771149,30.35556627,146.9880977,16.460851,12.4591149,3.929146538,2.04624128,-22.90823308,11.352657,9.082125604
85,7,8,,3,4,3,3639.085627,110,-31.02742734,57.78365848,41.8475743,41.8475743,38.80853687,679.9184673,685.4322061,682.8491888,658.9377531,671.0354747,667.9826918,233.3954489,250.066824,244.2723346,260.1512535,274.3049989,245.8491754,256.74243,24.64565288,14.92483138,34.43111475,16.85523077,35.67594327,21.85464154,41.33633509,30.75776544,161.5236218,21.86102428,10.0379122,9.831460674,19.98164322,-4.933736662,7.865168539,9.41011236
86,7,5,,2,3,2,2125.914526,170,58.65655335,62.2948964,35.83187184,35.83187184,39.92442169,621.6737168,628.5320287,620.3273613,598.8297201,613.6900645,613.7861414,561.7362575,625.7722932,578.0819812,602.7401285,656.7521131,599.2371297,647.9301158,17.23383503,14.97837837,23.16298244,14.4853014,29.08945474,22.43785599,35.19277058,23.3034841,144.1362426,18.58883415,15.52384308,7.665745856,9.314712336,-33.62304001,11.67127072,20.44198895
87,7,8,,3,5,2,6199.066667,10,-16.07889779,52.93979988,39.10738594,39.10738594,27.97915786,826.3914552,828.4639971,840.0010132,851.0805207,835.9244224,856.4352497,2.06485875,2.986070192,1.978736051,3.561031052,2.603334465,2.323943104,2.817999169,26.99216184,18.33637127,27.97125255,12.12565845,24.68906553,9.588674124,22.61652364,12.58773893,93.77205954,15.15609832,9.133959004,0,14.27700089,-38.21990481,33.33333333,0
88,7,7,,4,5,2,3421.578673,150,21.46178088,69.7827194,39.90574595,39.90574595,36.48726456,624.0948899,628.5983711,633.2993091,600.1830178,613.1800584,611.2659048,27.75269703,24.12233451,35.41095404,30.96584978,26.54059416,24.33474715,22.84250216,21.59598272,15.21745373,30.68000784,22.60528226,33.89849451,26.35332952,41.40361723,37.32777315,170.3086149,18.80071824,12.52468229,4.265402844,13.77831453,2.533926152,9.952606635,6.161137441
89,7,15,,2,3,1,3905.938669,200,-8.194497081,62.30063492,39.92499994,39.92499994,47.66233735,742.9666102,742.6317062,747.9785174,747.8159414,744.0715605,753.380988,481.5622468,527.178291,464.0451,497.1003116,577.0802393,522.4263869,554.523601,22.36292814,12.1976229,30.70551632,15.25546223,27.6683216,14.84102889,33.65179413,25.12332507,125.6447672,16.36082391,7.99947363,3.116147309,14.56174856,-11.90281972,9.773371105,9.065155807
90,7,24,,4,4,4,2736.155566,680,1.804413587,59.32905612,42.65872794,42.65872794,43.80702414,714.7569409,717.8778747,726.5967718,710.8123539,712.4653481,719.7383054,9710.937306,10694.41731,9633.276546,10363.83811,11676.19449,10481.12536,11174.97911,21.7828583,19.25619214,27.07265578,20.67369952,29.0332316,19.86253701,32.88913007,26.42793984,136.2829681,17.09248198,10.97764764,5.555555556,17.26940659,-8.07245142,13.75161499,13.33171835
91,7,18,,4,4,3,2336.276401,250,33.83248338,63.47925424,40.65903039,40.65903039,42.93356718,686.5010893,693.9286783,700.1415392,682.1500897,682.6828979,689.8523904,349.507129,345.8546264,365.1848319,357.6793228,358.0547183,345.9890872,348.5662259,22.36152062,19.42528112,26.73662557,20.97870431,25.78351522,16.90986164,30.27866312,23.86586194,121.9408218,15.0155705,10.08734938,7.780235988,-5.595020914,-2.56888365,18.17846608,12.94247788
92,7,6,,2,3,2,1295.084087,480,-76.1749659,60.27525698,41.07592815,41.07592815,52.38296298,674.6233214,668.827568,677.4135017,670.6799225,673.8210331,681.8800225,329.5852532,403.0107072,422.7656521,512.0723923,383.321921,335.5869743,378.6058645,24.58078356,21.60852282,28.68245255,17.90413149,27.3966012,19.44609607,28.79674272,19.21480103,122.2629046,15.35575297,12.05291066,3.153846154,15.17358708,-30.06412568,24.51282051,23.90769231
93,7,2,,1,5,1,1895.618902,240,-13.65492994,64.16264232,35.53492085,35.53492085,44.76084915,688.0138484,690.8610798,696.1690544,676.8428471,681.5129576,684.6943052,2222.956016,2553.767463,2249.411548,2465.539,2600.493099,2381.547716,2585.802959,22.70173104,15.69511422,26.60695651,17.17275354,27.73782802,16.97306573,29.76205986,22.66546723,121.3812768,15.44913137,8.793724575,1.155327343,-21.49026768,-4.751683213,17.58664955,9.467265725
94,7,5,,2,4,1,2464.053952,570,6.646847135,60.66839018,38.85766013,38.85766013,42.15670581,646.2781117,648.9394018,649.6630553,631.7436393,638.8999558,643.6743977,2988.110212,3251.131379,2953.26257,3158.241127,3515.178639,3202.497179,3340.883034,20.05764786,13.93741762,25.07162528,17.07157403,27.41195248,20.93503102,32.47090598,26.19468036,134.8413068,14.89701727,12.93171966,2.556068602,5.158273913,-22.0207816,10.60905893,9.405233069
95,7,,,,,,,,,,,,,,,,,,,,,,,,,,,,,,,,,,,,,,,,,
96,9,3,0,2,4,1,1316.461566,30,63.56352571,61.98514691,39.01329704,39.01329704,47.8059112,278.4894502,272.5432326,280.2413705,299.2519234,286.9035842,300.0474243,14.68078366,17.87000708,18.00946093,26.97314834,11.05280161,11.9895177,12.91759624,18.48354121,13.36542296,27.59691602,14.16128947,20.76247318,9.517035978,26.83557077,21.21229737,93.47949319,12.34833923,2.803776671,2.728351127,33.53128442,-4.180337654,5.100830368,1.067615658
97,9,7,2,3,,3,2286.058624,240,-20.32517785,60.61939614,34.68409229,34.68409229,45.83019642,334.7225415,325.7822324,337.6856796,350.4172886,343.4856059,348.6340477,74.4852645,52.21369384,82.13842414,62.43595622,54.82215048,65.56110412,44.0300024,22.97412761,17.63513643,25.25546958,15.80363068,17.2870638,9.255063419,25.27135941,15.4034344,83.31281507,10.25730803,5.838586006,0.995024876,-3.195204979,-20.81864069,7.960199005,6.965174129
98,9,7,4,2,,1,861.4916732,190,-35.38038682,55.28402931,41.95601976,41.95601976,41.04037555,315.1515399,310.6611844,310.408737,340.861691,327.3442803,336.0349823,113.316269,93.26466483,179.6115056,132.7851868,91.26330789,88.19371845,81.81181906,14.20160608,12.71031113,25.84639677,20.46881003,25.93719822,23.03853851,30.54281015,31.51588067,131.665801,13.58506632,7.046307143,11.15907902,23.06482687,-25.74604046,20.05494505,13.57927786
99,9,3,0,1,,1,2293.416371,280,-22.79238206,60.68726271,46.87207283,46.87207283,43.16749638,347.6681721,340.6286586,351.9546703,365.2949578,356.4418594,362.1293508,162.1582074,149.7227938,183.797829,178.4446696,146.2880387,145.0831855,140.9940027,21.01518986,19.68945392,24.11274629,19.27914154,18.99959183,12.77412435,25.84001927,19.35971707,94.99727131,11.65529155,6.368527237,3.483909064,7.248809022,-23.67495508,15.05757307,12.13463242
100,9,6,0,3,,2,3662.12906,40,80.68208185,72.82438995,26.90814064,26.90814064,45.55457274,333.8348019,325.9907598,352.7403809,366.9911157,348.1057083,359.8898897,7.021333739,6.426672156,7.788774186,10.03676916,7.221016578,6.540462448,6.434066448,29.93232904,21.06159787,33.89912985,13.07251067,33.15631372,12.68174134,41.00035585,15.89265334,129.5968537,18.88540735,7.980382084,5.128205128,14.99401367,1.901226581,3.418803419,13.67521368
101,9,7,0,3,,4,2262.860204,240,-50.29767283,71.42317271,52.54805155,52.54805155,50.56719159,358.6092998,355.9242911,369.2327435,380.8072907,367.8313252,378.2214744,46.03149558,37.7252345,52.84233285,41.72027946,38.23855649,41.16730231,33.6167918,23.2975659,18.52879428,24.26508418,14.67333758,22.63213684,9.894265723,25.34018073,15.21110843,92.0070609,13.70000403,5.229365146,4.336734694,5.356837661,-16.43707974,23.21428571,22.70408163
102,9,10,5,4,,4,1007.163273,70,-64.62303254,62.23821104,44.96844012,44.96844012,36.05158349,337.5425721,338.9634,337.6844984,350.3865284,340.5159068,344.881846,110.8092974,80.58730687,134.9800583,96.4605103,77.62074794,95.69935323,73.40532789,24.74630424,20.25025121,25.02775045,15.83334048,15.30941539,13.88282283,26.48987129,17.36295668,93.18499892,12.32030537,7.819627364,2.590361446,29.20909563,-20.84884215,14.87951807,5.060240964
103,9,13,2.5,4,,2,1699.77128,120,36.95984645,71.98728396,36.97008234,36.97008234,54.66297981,279.866106,273.2298583,308.408802,316.4539623,295.7412469,308.903278,33.28764238,47.55417576,42.23625975,57.02513173,32.49463305,31.89316102,36.25873664,35.14346482,30.98667865,36.18956954,18.04771137,36.67636712,12.9071789,43.48683678,11.71964665,135.6630278,20.87248985,10.00050849,5.803571429,30.77028117,30.45252119,7.886904762,14.73214286
104,9,2,0,5,,5,867.5023549,110,-25.23723093,57.37916048,42.68651281,42.68651281,40.44481239,372.8243766,362.7290377,355.6021734,381.6135642,379.5733476,370.6900061,187.1545111,142.2542966,214.3305523,190.7624402,122.0589274,165.4718579,122.4647742,13.68192153,22.71780552,18.913857,28.78973943,13.13053891,20.91891588,23.2699137,29.14689121,107.2621549,8.488388036,12.30750712,2.002913328,21.01398964,-44.36769187,16.53313911,21.84996358
105,9,,,,,,,,,,,,,,,,,,,,,,,,,,,,,,,,,,,,,,,,,
106,9,,,,,,,,,,,,,,,,,,,,,,,,,,,,,,,,,,,,,,,,,
107,9,,,,,,,,,,,,,,,,,,,,,,,,,,,,,,,,,,,,,,,,,
108,9,,,,,,,,,,,,,,,,,,,,,,,,,,,,,,,,,,,,,,,,,
109,9,,,,,,,,,,,,,,,,,,,,,,,,,,,,,,,,,,,,,,,,,
110,9,,,,,,,,,,,,,,,,,,,,,,,,,,,,,,,,,,,,,,,,,
111,9,,,,,,,,,,,,,,,,,,,,,,,,,,,,,,,,,,,,,,,,,
112,10,12,6,5,3,3,1356.206589,470,17.22720927,59.51385359,39.0975249,39.0975249,38.97589875,331.9700727,332.0973724,332.5972415,345.630008,336.6742752,338.3994145,537.9244532,457.4979736,604.4911745,544.6940784,437.4749041,479.1800375,417.8362222,18.7962027,19.65978896,17.28116235,18.13278235,16.25127977,13.37070394,17.44067502,16.47830954,83.65113956,11.72528301,8.384888278,1.68956044,21.74920173,-13.76640547,8.708791209,11.00274725
113,10,3,1,3,4,1,2868.51004,140,40.30091573,73.021283,44.38603067,44.38603067,39.02996446,325.704258,322.1531638,326.7419586,349.147601,333.7089053,343.0470233,20.39631829,25.28624377,23.10023497,23.49275411,28.48811066,19.06767146,25.58836998,23.75709411,19.50644685,25.40354097,18.06729675,28.87276388,16.75017303,30.95178978,28.27581323,138.2252466,20.22132317,13.1533835,8.43373494,6.785139876,-10.15070958,32.53012048,31.3253012
114,10,10,5,4,3,2,1480.365959,280,17.20271209,57.04765136,37.29411937,37.29411937,43.42192209,375.4811031,374.1625348,374.237626,385.3460064,380.0531087,374.2493654,236.1663693,219.7527692,286.0364891,280.8280346,202.3814895,208.6217687,188.4780951,24.03693657,21.15877615,22.98752422,20.74385108,16.1007825,15.94465456,17.92368975,17.82695193,92.73473064,12.75831482,12.18033707,6.554404145,18.37000387,-10.11544216,10.54404145,10.67357513
115,10,18,6,4,5,4,1704.869341,430,-44.04040835,61.39916464,42.28508515,42.28508515,38.15778162,356.8028361,359.9524203,362.5955995,370.0176966,360.7566468,364.1826255,399.0574819,343.182078,437.1253855,398.3445216,331.9102709,346.8128224,323.3501897,17.13142129,16.25735236,16.29378386,14.43872859,15.01136043,13.30637182,16.20579649,16.3970371,81.1297579,11.83203539,8.377156673,2.703664176,14.23016612,15.66376126,16.05597059,11.64472904
116,10,10,7,5,2,5,1448.375722,540,38.52602952,56.53033192,45.38708707,45.38708707,43.79466538,406.4375033,400.2595985,396.7190507,414.9515533,411.4238982,403.9427544,508.2122666,523.4340501,602.2018302,662.4259344,445.2701074,451.2719838,473.539485,18.07185273,19.66193521,18.35433256,20.87691954,14.07429214,15.826036,18.95946681,20.94351329,94.14001915,11.75128381,12.58542711,5.530510911,26.97863915,-24.78102474,14.72298445,13.14190514
117,10,12,6,5,3,5,2156.306623,500,-3.908119196,56.20250814,42.49070743,42.49070743,42.83589628,360.8923794,359.5344488,357.4851398,374.7115544,365.384225,365.0635325,1093.513361,975.829674,1073.207868,1035.459777,984.2405686,1021.519227,929.7988132,18.80731527,20.1636352,16.85343177,19.52412703,17.90532968,16.12903759,18.71277916,20.27800854,97.01907416,13.30835686,10.68556233,3.935406699,3.880723387,2.468994984,10.55023923,10.9569378
118,10,14,3,4,4,4,1894.663068,470,-10.75375915,57.9117876,44.99489956,44.99489956,39.53853376,325.8364831,328.0292546,330.1646252,342.7356844,331.7772161,338.2585056,466.0060614,389.2693217,525.9217749,432.65378,399.1177342,409.9478272,389.0682183,17.92981267,16.05758897,18.05340486,14.63961394,18.68185154,13.53405734,19.74428512,17.79993459,88.9912577,12.42021446,6.810914642,1.976200595,17.38721201,9.94965506,16.5320867,15.38461538
119,10,8,1,2,3,4,1968.659898,710,-14.87800683,61.47469049,41.44874691,41.44874691,45.96862146,367.0991496,363.225995,362.55108,376.8678066,370.8718813,369.0102048,1161.287446,985.7063262,1231.767662,1065.566206,1011.998617,1058.537511,959.4502044,17.41900588,20.52266519,17.8543784,21.93065936,15.77493563,16.68463625,20.79772359,23.25783712,95.69101363,9.217033116,9.958847922,3.640500569,23.96099457,-8.79074989,12.92458963,12.13229319
120,10,8,4,4,5,5,954.0137801,360,68.06687753,59.47450159,37.59253694,37.59253694,41.89571539,361.0846089,353.846391,356.6861693,372.9848215,366.8704632,366.8035511,907.1852682,997.0900614,863.754154,1010.029325,945.1313558,901.5305004,982.9801227,25.19257947,14.87273365,26.45123319,16.13448293,16.78493566,14.17270728,25.40741903,19.21790434,93.75364099,9.990611915,8.180062762,3.502482074,25.70159534,-20.6217324,6.173009744,8.135686707
121,10,6,2,4,3,4,1327.886549,230,-24.18965941,70.01356213,42.04366046,42.04366046,40.07968288,418.2632939,413.5426198,407.6169919,425.0755746,423.0958065,418.8975975,149.7721097,169.8593539,171.7291489,221.9154315,154.6487904,141.4071945,136.1666251,16.9648751,20.3165262,15.78356107,21.3432255,12.34245065,15.20703532,17.88670219,21.05669797,81.78403974,7.748810944,7.542342673,4.110054348,29.26097092,0.642768151,10.05434783,10.59782609
122,10,7,1,5,4,4,3441.608977,100,-70.88691549,72.91781775,41.11646454,41.11646454,39.65797894,299.5266364,292.6255612,288.1923519,318.8774976,309.334852,308.8807841,116.6163644,109.5794651,124.1832599,118.4820181,109.052064,113.2159376,107.5672245,18.104483,22.53518467,21.61620622,26.47806889,20.57898799,21.9084615,28.02771001,32.2583524,125.8652758,11.68971901,11.40204487,4.399141631,13.3901716,0.305699619,13.5193133,11.87410587
123,10,10,5,4,4,4,1847.29089,810,-17.87735382,57.57694432,43.22651452,43.22651452,38.02825471,374.3403323,372.0202946,373.9763957,388.9826445,378.8869195,383.9315218,1698.908494,1715.88466,1721.687363,1750.239203,1626.897073,1609.104188,1614.984448,18.3022959,14.92611348,19.31027426,14.95734568,17.0327174,12.34606776,22.02485348,19.0671643,89.57500763,11.95445948,7.149745207,3.219985338,25.27379906,5.437525339,13.01528224,12.55004793
124,10,10,1,5,4,5,615.9420228,200,-117.7576181,81.493172,81.16222098,81.16222098,85.51034722,365.4689967,367.787903,347.5209068,321.0303977,349.3775341,344.9283215,266.708442,211.0999165,548.8392692,279.2573259,208.3909322,208.2535547,166.8117699,13.83822494,20.4298469,26.01753192,15.27244806,46.9508812,44.34509287,50.98566182,31.82082541,230.4497488,29.49551544,26.85177203,0.48374093,47.62360241,80.79147127,30.90343098,2.98754815
125,10,9,3,5,4,5,2816.246633,90,10.65293998,54.26053554,41.60496556,41.60496556,45.63308934,289.1073329,283.3484335,281.9190819,307.9357727,300.0013879,296.8797203,50.25356213,50.94531786,63.40187513,61.56358408,45.5660164,42.42009167,43.34113908,13.6089718,17.19151721,17.94616929,22.53450799,19.9933127,22.29078448,26.66447684,27.38550317,118.7955687,10.55182414,11.90966738,6.060606061,21.96483377,-14.8478038,5.303030303,6.060606061
126,10,21,12,5,5,4,1517.998348,540,31.63000556,57.74894431,41.887795,41.887795,41.72263982,423.173386,419.607299,420.0867528,432.5182561,428.3475619,424.194677,1444.68678,1750.969347,1726.612329,1826.907608,1584.346437,1373.170425,1757.646671,21.59910663,19.26782789,21.0605512,18.3268117,15.58673088,14.06087519,22.05694828,21.17946822,94.65127309,11.52992752,10.237323,9.308780358,31.61850924,-1.254403212,7.73418735,11.34240726
127,10,6,4,4,4,3,1707.172093,390,-7.21655536,62.70942661,42.62509972,42.62509972,40.10426081,332.7606872,332.5557228,340.1098111,351.5409076,339.2916942,347.2007292,1323.951648,1241.91431,1573.799017,1377.387045,1191.756655,1217.586975,1204.665157,22.26118474,18.88511911,22.95756466,16.69429998,20.65837983,12.8496793,23.71854867,17.82314237,96.68048313,13.81928303,7.811449927,8.203392149,11.79668657,13.05080752,22.25755711,12.20421283
128,11,16,8,5,4,4,1807.06705,490,-36.90397887,63.48374831,50.66405419,50.66405419,50.31195043,410.4744979,410.2969166,404.2519889,423.099907,413.5576977,413.9981085,2064.042425,1768.298734,2002.721624,1762.573869,1876.18732,2024.971239,1798.302655,19.04915064,23.02169867,16.22931344,22.84510255,15.16079126,17.69728404,17.34517105,23.74112859,96.78067878,11.73904783,11.09725601,2.991797768,10.68655271,2.416756353,11.04275918,15.73215006
129,11,18,10,4,5,4,1714.626249,550,2.310445588,62.61477789,41.43214526,41.43214526,33.50667201,391.9059653,394.3422287,395.5246379,402.2730605,396.6096584,397.7192409,816.8255176,755.2400047,884.2804274,859.309051,765.6868023,760.1577601,714.5407973,13.03477599,14.35073825,12.67842001,12.270478,12.35163686,10.06376935,13.5847101,14.96728346,66.40548989,9.087940151,6.350149975,1.849529781,15.25317554,-2.270252906,38.1922675,20.91431557
130,11,14,4,5,2,5,1348.568021,450,0.871537657,58.99503797,39.35962516,39.35962516,48.55374752,370.147717,365.6034959,359.0811616,380.0009407,375.3448285,373.1444575,3020.490704,2113.933232,3277.804234,2161.738343,2237.238901,2775.819924,2033.548842,23.21023747,21.24291294,25.78534969,22.37153945,16.55258084,15.98378054,24.48936339,24.16869002,101.6710762,10.37403418,10.10262723,3.3477693,13.49340621,-15.64370717,8.900460576,15.83144291
131,11,7,1,3,4,3,1805.688208,180,-17.16950716,57.79662784,26.54138983,26.54138983,40.66635306,358.8653569,350.7616903,354.8809261,371.6450111,367.0925434,363.58771,88.45340579,79.07029221,103.3373495,94.03881869,74.14831457,79.44657059,67.74390898,14.46674628,17.04693174,17.35544548,19.3717505,17.19942676,18.99817138,22.3659394,21.12292809,99.54482746,8.728673595,11.12968824,1.837672282,2.08522982,2.612043574,22.66462481,19.09137315
132,11,10,6,3,5,3,1143.768965,520,-2.88763114,52.69406244,42.12114294,42.12114294,39.55390832,338.5216065,339.0702325,339.384763,355.5120712,344.3561703,349.4602488,470.4581447,419.9824422,543.3906998,525.9668467,400.7110477,401.2161189,369.849259,19.75216347,18.35169431,21.49307899,19.56638559,19.5063173,14.44565218,22.05828493,20.01551362,99.48144473,14.93962834,8.516048365,5.209251101,20.64069409,4.56782851,12.48531571,9.522760646
133,11,10,6,4,4,3,1087.261019,410,23.76080133,56.7747377,42.6445705,42.6445705,32.74927193,383.6067222,382.9673011,381.8348967,390.4893806,391.1070855,386.3692318,440.2568933,360.7464872,504.2708287,445.9890116,357.9990551,416.8952686,346.3297985,16.65067599,20.43519859,16.35790085,21.12514107,10.97738368,15.39844517,18.11151457,22.29216341,81.46702112,8.600671044,6.086843249,7.716735472,50.84447027,-19.05261196,9.62739494,5.366783106
134,11,15,5,5,3,5,1972.337429,430,9.871716152,55.18713431,47.86653154,47.86653154,46.31347305,382.4713765,377.2079434,386.2265978,402.6080354,387.4447959,393.3200916,446.0878009,420.4441959,488.875047,467.849072,405.7844228,413.1138044,395.9496748,22.95386943,18.45531989,21.48818903,18.06911176,21.74629819,13.7244232,27.58127386,20.39615981,110.4648694,16.85225516,10.1644592,3.469113697,24.40745958,10.20164556,7.646971053,23.40346165
135,11,60,5,5,3,5,2060.926213,350,35.91146287,53.23114294,46.01114607,46.01114607,42.3990994,358.4603058,351.4907373,345.2956764,366.1710306,363.3424304,357.9749136,527.8202878,551.3057485,552.6788879,624.6661635,504.9831688,491.8918673,480.9221919,19.53377344,24.73755821,18.51240308,25.0382239,15.63136537,18.09108774,19.65185786,24.60807326,98.55914159,10.41729133,10.15946604,1.950838861,4.736654605,-31.29235339,11.84159188,9.793211081
136,11,7,3,4,5,3,2253.411553,240,-0.818352267,56.66896104,33.90456852,33.90456852,39.55845187,410.1059962,404.5109167,396.8774258,418.5884865,414.1294599,409.3708344,234.395671,235.109897,257.5863518,263.9594722,211.4367276,214.5223191,205.6548299,15.71374766,23.48090007,16.05747837,24.63975354,13.55447925,17.82150842,17.33408746,25.42245959,93.11964058,8.827448844,10.159657,3.188297074,0.398388603,-15.58243362,10.27756939,10.39009752
137,11,6,6,3,4,2,3097.565992,370,-0.553288209,67.06993993,42.02908529,42.02908529,42.65680458,376.9861059,373.6020879,370.80004,393.7060013,383.2540866,381.6631866,890.4627472,829.1693815,940.9882147,919.3255935,790.9920938,841.1905507,774.0609431,22.25397537,21.86661913,20.97458955,20.49658544,19.93704232,21.06540454,22.88320664,25.2519642,115.4043892,12.7343269,13.53244462,6.823449216,12.1021324,1.641781518,15.71915474,11.57464213
138,11,12,2,5,5,4,3608.659259,100,43.16954027,63.25636768,40.82245993,40.82245993,52.36301547,374.6202908,361.1486286,358.0465945,376.3820278,375.9370342,370.2216235,63.02258398,58.63631423,67.87199572,70.25439556,55.9300328,57.94969207,55.65416412,20.66100624,28.43445898,20.14832604,24.7175895,25.40279672,15.21661392,22.76608494,27.61176456,118.1211786,15.02872202,12.09519647,6.41025641,11.47427726,-42.77258629,4.273504274,24.5014245
139,11,14,12,3,4,3,1986.783267,570,-11.63618603,62.13965534,38.17050865,38.17050865,40.5856515,377.8780363,374.7124724,373.7391124,392.5953246,384.4464773,383.619276,623.9516041,566.2835525,672.3643872,641.3463951,561.5630694,589.1646639,526.360889,18.36787854,18.74260939,18.75582779,19.29920758,17.20796337,17.40726346,21.66625328,22.07505212,99.99019171,11.26349248,10.37016699,6.521014009,16.84314938,-11.42824407,15.91616633,13.83700245
140,11,25.5,10.5,5,5,4,1570.33942,740,2.311022924,55.77770364,45.30165404,45.30165404,42.98714923,392.8618582,388.9849679,388.0711468,403.7960302,398.1884536,397.0939302,2401.781851,2273.383927,2598.730616,2275.15575,2282.599027,2389.421717,2292.894167,21.02188163,19.85628548,20.67976155,20.08934506,15.5621619,15.15655429,21.64090469,19.7539479,93.59754846,11.85178446,9.632195219,5.290524926,26.5239455,-3.99294125,9.824474524,12.30053923
141,11,10,1,4,3,4,1124.223252,480,-28.99977186,59.92314182,40.85591696,40.85591696,39.50097919,327.1834688,328.9898678,334.4876596,342.43893,331.2321842,338.0669969,1003.284379,846.9285099,1094.798353,900.0068662,785.8349842,932.6237633,835.4744855,16.62873426,17.01591365,16.94801339,17.33889647,16.99589396,11.7074416,19.10169328,16.73933899,83.96597427,12.8512856,6.570320829,3.531579996,17.65266453,37.80371838,16.64674238,10.9832636
142,11,8,3,4,3,5,2164.40123,270,-28.78501916,61.9754021,39.93126,39.93126,34.78861858,321.786186,325.4194195,327.6760074,335.8181474,324.4038554,329.7407667,211.0392456,193.9331792,234.6282758,236.5626232,172.1008404,192.1355236,168.9160198,15.83079611,19.87673025,14.67712389,19.66344886,17.03522408,15.58453996,16.74490069,19.06180824,90.05777175,12.82815515,8.803143638,3.756648936,14.75598015,32.3201516,19.47030142,11.39184397
143,11,12,5,3,4,4,2611.535986,210,-27.4352611,61.03796215,41.77822084,41.77822084,46.1730649,368.3079474,369.1959372,366.2739001,382.5277041,376.5043184,374.9360817,87.73007124,92.24593516,102.0881006,105.3372207,85.05509097,88.00632233,86.83331512,17.72485694,19.59710409,17.36411169,19.82262342,17.48387147,19.3629447,17.83388015,20.87164985,95.52592422,10.85893116,9.114646894,0.904159132,25.1055429,-18.66336352,23.59855335,16.99819168
144,13,15,2,5,4,5,972.5499839,200,-25.24524551,45.49380982,34.61128434,34.61128434,36.3579286,366.485621,364.8966182,356.2366386,377.0639233,374.5757702,360.7949859,113.2032298,117.4921158,169.3098325,179.4736,81.97922518,79.90244474,90.03772716,18.25955998,26.11961936,16.75164836,27.79396918,15.17881899,22.26142059,17.50509913,24.18639925,107.0824278,11.3595342,16.59115562,8.566602317,8.394509912,-10.73788187,9.403153153,10.27187902
145,13,6,0,3,5,2,4313.732036,200,-35.03466358,57.77263633,42.78084875,42.78084875,40.08981439,348.9554048,348.3925301,345.2393115,364.6364146,356.7049612,352.9421377,52.29032765,54.80871328,61.62618963,57.04780775,50.01596333,47.83426486,54.03999716,15.89423751,18.54103999,15.95688543,18.89694088,17.93323566,19.76104996,22.24154271,22.24386646,107.1239484,12.21810389,12.72614973,14.07185629,14.59341957,-7.380823431,12.3752495,25.64870259
146,13,22,8,5,2,5,816.1003182,280,-49.69789692,55.20336203,38.29326309,38.29326309,34.92445239,349.8029819,355.0505108,359.5273123,362.6470344,351.482177,356.7591739,1020.323379,820.6495257,1250.894433,1015.128082,825.1097241,960.0045069,860.3852799,18.41782389,17.71415283,17.77618152,16.60080379,14.54353339,10.40220137,17.49826548,11.69285468,72.78619445,12.19701974,6.45231978,3.648141834,13.73559713,17.71086636,19.22377543,7.120127287
147,13,15,2,4,4,4,1046.079129,150,-50.23948801,57.65656283,44.28301937,44.28301937,32.6061173,385.5721134,386.9556691,390.4124913,394.6127123,388.5924762,391.6535887,277.0704642,236.7939664,301.6529871,231.4928061,245.1763626,273.0238597,234.0879799,17.94570124,15.61239983,18.0293998,15.06247983,11.95083758,12.6226779,17.52858658,13.96627616,71.96289426,8.768182797,7.126333235,5.225225225,32.52658036,19.62749852,11.38138138,11.02102102
148,13,15,6,4,3,4,1032.435119,290,-23.47525074,58.38734712,37.12577258,37.12577258,41.0260074,333.271104,327.0702128,334.8605267,350.8338416,341.3172833,341.3656997,426.8772167,431.094472,462.9616496,512.0400533,398.0234133,400.2273582,414.9372428,18.54410112,18.6762341,20.44858353,18.23981181,19.1418137,17.60923511,25.54212145,21.1078597,104.6384268,11.28104721,9.956349594,1.966686735,-4.719473187,-14.33620906,12.70319085,9.512341963
149,13,9,3,4,4,3,1488.769743,340,-48.4780665,59.19509782,46.30417173,46.30417173,35.32645774,329.9663535,335.3430555,331.3307451,343.0318117,332.3709672,338.0888199,523.7798653,537.3138543,566.7384921,592.3756323,447.2388777,494.7158921,480.8996896,16.09927112,15.06487186,15.51323989,17.16715782,14.5700963,13.05365937,17.13120706,16.97554412,81.78364327,12.48533843,7.567797968,8.870463079,19.30763399,21.01149952,16.09824781,14.50250313
150,13,8,4,4,,4,2043.018118,360,13.21442485,57.46910471,43.73459848,43.73459848,43.1553843,363.832911,358.1742068,351.4251638,372.7025502,369.1069203,361.5319825,602.9259169,513.1725047,619.8042371,496.3786433,488.0354379,547.7560597,500.7058214,19.20254374,23.48215716,18.90741705,24.55434251,14.465692,19.4239753,19.14866067,23.77002244,99.23604159,9.756777575,12.67091362,7.469512195,-8.133696128,-25.97110252,10.97560976,11.68699187
151,13,9,5,4,,3,1949.548016,280,24.02194688,47.74614032,34.70920854,34.70920854,41.14778675,362.3635813,355.155527,348.7869128,370.6157366,369.2688624,358.126412,382.617402,394.8944013,387.9563579,435.8755136,360.4055375,369.4420552,345.429063,15.70877224,23.26904599,14.34799011,26.00463966,13.65574043,21.88205231,18.43816159,24.05318298,103.7918963,11.16446352,14.59829549,4.607583774,1.49661787,-10.44741404,10.69958848,17.32069371
152,13,20,2,5,,5,1452.576715,90,24.64429817,71.93573841,32.65836934,32.65836934,39.63746529,385.2662036,382.7505766,379.2856643,389.0805828,388.7027684,380.3607676,79.46269035,58.26298437,74.87134413,63.46126056,60.44053345,70.11774589,48.18852327,20.73948756,16.68347966,19.57660792,16.40501979,9.100085797,15.31059171,12.15519069,14.41753514,67.15782473,4.763162307,11.41125909,4.572803851,25.7228016,-48.16891599,15.5234657,11.73285199
153,13,7,0,3,,1,853.8148405,270,-48.34538648,49.94310838,44.09846478,44.09846478,31.99806799,340.8938796,351.3064317,346.6618968,355.4601343,343.8908307,345.7321304,136.2775579,104.1428633,171.371169,156.9938976,71.43525939,97.78108293,75.62471444,16.7524457,22.36185972,15.18534512,23.11893138,19.54428193,14.61109039,11.54385634,19.32744236,90.35461725,14.90065176,10.42729447,2.940102264,-0.639731238,19.94785078,5.56367178,6.062819576
154,13,5,0,3,,2,1038.449045,400,8.993957742,53.10871552,38.76330275,38.76330275,45.5509442,374.1017065,378.0555499,361.1891295,381.1053031,380.309337,368.43043,766.0170712,755.5483067,812.5788424,931.1766851,713.7319058,728.1862456,908.8097008,20.45703877,25.67268643,20.61021258,27.2221934,11.72542096,18.06912063,16.26089697,23.56159901,91.41296035,8.637965712,13.15795706,2.33614536,22.96612022,-2.216280981,5.851178888,13.2994448
155,13,10,7,3,,4,1495.069206,400,61.90420021,54.85796281,30.18013828,30.18013828,43.90693944,390.9197578,384.7690742,375.9212279,388.1670083,394.3888139,369.5900809,272.9838026,340.1441109,366.1045861,438.7402818,260.7566534,230.8730944,276.3851557,20.80076985,18.82235972,19.00367628,20.72631153,8.244381335,21.94329169,10.66949294,16.68104995,85.52227389,8.734121738,19.24993624,21.96206283,0.496904432,-32.28676519,14.08812488,28.84805374
156,13,7,3,4,,3,1405.241585,410,-21.86299561,49.56147895,36.92957718,36.92957718,37.62971066,345.9153678,347.0898551,344.7467097,358.2029648,351.0276853,348.6044829,176.6799015,169.7963158,214.8075834,230.6216624,133.6403078,138.0941793,135.5929394,14.02465636,23.29740944,12.97931888,25.41500426,14.69475867,15.88628803,15.7649034,20.45131936,90.10276257,12.79386393,10.51162917,1.634750117,7.732745239,6.172115607,6.445586175,14.50256889
157,13,6,4,3,,1,1233.963235,450,-28.66522761,51.60364418,38.1927301,38.1927301,34.30126831,363.313982,367.1295491,364.541219,374.3329994,367.6204005,364.4228206,315.5690843,285.4909565,426.0930173,391.8412637,238.2568665,249.7210427,238.4796498,17.13560852,21.54357771,16.78227956,21.71592904,14.439639,14.94749702,15.70618201,19.82209025,89.12348807,13.20790044,11.00017937,2.483124397,19.87828051,12.77540136,12.10623594,8.610575378
158,13,,,,,,,,,,,,,,,,,,,,,,,,,,,,,,,,,,,,,,,,,
159,13,,,,,,,,,,,,,,,,,,,,,,,,,,,,,,,,,,,,,,,,,
